Workbook
Name Slicer_Site: #N/A
Name Slicer_Year: #N/A

Sheet 01_Data
A1: Incident_ID | B1: Date | C1: Year | D1: Month | E1: Month_Name | F1: Quarter | G1: Site | H1: Department | I1: Incident_Type | J1: Classification | K1: Body_Part_Affected | L1: Primary_Cause | M1: Shift | N1: Lost_Time_Days | O1: Weather_Conditions | P1: Employment_Type | Q1: Investigator | R1: Investigation_Status | S1: Corrective_Action_Status | T1: Hours_Worked_That_Day | U1: Total_Site_Hours_Month | V1: TRIFR_Contribution | W1: Fatality | X1: High_Potential_Incident | Y1: LTI_Flag | Z1: Month_Key | AA1: Site_Month_Key
A2: INC-0001 | B2: 45216 | C2: 2023 | D2: 10 | E2: October | F2: Q4 | G2: Thunderbird Mine | H2: Administration | I2: Near Miss | J2: Non-Recordable | K2: Nil (No Injury) | L2: Contact with Chemical | M2: Day | N2: 0 | O2: Clear | P2: Direct Employee | Q2: Jo Smith | R2: In Progress | S2: Complete | T2: 12 | U2: 95302 | V2: 0 | W2: 0 | X2: 0 | Y2: =IF(tbl_Incidents[[#This Row],[Lost_Time_Days]]>0, 1, 0) -> 0 | Z2: =DATE(tbl_Incidents[[#This Row],[Year]], tbl_Incidents[[#This Row],[Month]], 1) -> 45200 | AA2: =G2&"|"&TEXT(Z2,"yyyy-mm") -> Thunderbird Mine|2023-10
A3: INC-0002 | B3: 44657 | C3: 2022 | D3: 4 | E3: April | F3: Q2 | G3: Darwin Port Facility | H3: Construction | I3: First Aid | J3: Non-Recordable | K3: Nil (No Injury) | L3: Struck By Object | M3: Afternoon | N3: 0 | O3: Clear | P3: Labour Hire | Q3: Mark Daniels | R3: Open | S3: Pending | T3: 10 | U3: 40851 | V3: 0 | W3: 0 | X3: 0 | Y3: =IF(tbl_Incidents[[#This Row],[Lost_Time_Days]]>0, 1, 0) -> 0 | Z3: =DATE(tbl_Incidents[[#This Row],[Year]], tbl_Incidents[[#This Row],[Month]], 1) -> 44652 | AA3: =G3&"|"&TEXT(Z3,"yyyy-mm") -> Darwin Port Facility|2022-04
A4: INC-0003 | B4: 45339 | C4: 2024 | D4: 2 | E4: February | F4: Q1 | G4: Darwin Port Facility | H4: Administration | I4: Hazard Observation | J4: Non-Recordable | K4: Nil (No Injury) | L4: Tool Misuse | M4: Night | N4: 0 | O4: Clear | P4: Direct Employee | Q4: Mark Daniels | R4: Closed | S4: Complete | T4: 8 | U4: 89797 | V4: 0 | W4: 0 | X4: 0 | Y4: =IF(tbl_Incidents[[#This Row],[Lost_Time_Days]]>0, 1, 0) -> 0 | Z4: =DATE(tbl_Incidents[[#This Row],[Year]], tbl_Incidents[[#This Row],[Month]], 1) -> 45323 | AA4: =G4&"|"&TEXT(Z4,"yyyy-mm") -> Darwin Port Facility|2024-02
A5: INC-0004 | B5: 44661 | C5: 2022 | D5: 4 | E5: April | F5: Q2 | G5: Pilbara Crusher Plant | H5: Construction | I5: Medical Treatment | J5: Recordable | K5: Head | L5: Struck By Object | M5: Afternoon | N5: 0 | O5: Rain | P5: Direct Employee | Q5: David Torres | R5: Closed | S5: Pending | T5: 10 | U5: 87400 | V5: 1 | W5: 0 | X5: 0 | Y5: =IF(tbl_Incidents[[#This Row],[Lost_Time_Days]]>0, 1, 0) -> 0 | Z5: =DATE(tbl_Incidents[[#This Row],[Year]], tbl_Incidents[[#This Row],[Month]], 1) -> 44652 | AA5: =G5&"|"&TEXT(Z5,"yyyy-mm") -> Pilbara Crusher Plant|2022-04
A6: INC-0005 | B6: 45153 | C6: 2023 | D6: 8 | E6: August | F6: Q3 | G6: Thunderbird Mine | H6: Mining Operations | I6: First Aid | J6: Non-Recordable | K6: Eye | L6: Contact with Chemical | M6: Day | N6: 0 | O6: Overcast | P6: Direct Employee | Q6: Jo Smith | R6: Open | S6: Complete | T6: 11 | U6: 87819 | V6: 0 | W6: 0 | X6: 0 | Y6: =IF(tbl_Incidents[[#This Row],[Lost_Time_Days]]>0, 1, 0) -> 0 | Z6: =DATE(tbl_Incidents[[#This Row],[Year]], tbl_Incidents[[#This Row],[Month]], 1) -> 45139 | AA6: =G6&"|"&TEXT(Z6,"yyyy-mm") -> Thunderbird Mine|2023-08
A7: INC-0006 | B7: 44728 | C7: 2022 | D7: 6 | E7: June | F7: Q2 | G7: Pilbara Crusher Plant | H7: Maintenance | I7: Medical Treatment | J7: Recordable | K7: Head | L7: Manual Handling | M7: Afternoon | N7: 0 | O7: Wind | P7: Direct Employee | Q7: Priya Nair | R7: Closed | S7: Complete | T7: 11 | U7: 89735 | V7: 1 | W7: 0 | X7: 0 | Y7: =IF(tbl_Incidents[[#This Row],[Lost_Time_Days]]>0, 1, 0) -> 0 | Z7: =DATE(tbl_Incidents[[#This Row],[Year]], tbl_Incidents[[#This Row],[Month]], 1) -> 44713 | AA7: =G7&"|"&TEXT(Z7,"yyyy-mm") -> Pilbara Crusher Plant|2022-06
A8: INC-0007 | B8: 44838 | C8: 2022 | D8: 10 | E8: October | F8: Q4 | G8: Broome Logistics Hub | H8: Maintenance | I8: Environmental | J8: Non-Recordable | K8: Nil (No Injury) | L8: Vehicle Interaction | M8: Day | N8: 0 | O8: Clear | P8: Direct Employee | Q8: Sarah Chen | R8: Open | S8: Complete | T8: 8 | U8: 67653 | V8: 0 | W8: 0 | X8: 0 | Y8: =IF(tbl_Incidents[[#This Row],[Lost_Time_Days]]>0, 1, 0) -> 0 | Z8: =DATE(tbl_Incidents[[#This Row],[Year]], tbl_Incidents[[#This Row],[Month]], 1) -> 44835 | AA8: =G8&"|"&TEXT(Z8,"yyyy-mm") -> Broome Logistics Hub|2022-10
A9: INC-0008 | B9: 45142 | C9: 2023 | D9: 8 | E9: August | F9: Q3 | G9: Pilbara Crusher Plant | H9: Maintenance | I9: Environmental | J9: Non-Recordable | K9: Nil (No Injury) | L9: Environmental Exposure | M9: Night | N9: 0 | O9: Wind | P9: Labour Hire | Q9: Mark Daniels | R9: Closed | S9: Complete | T9: 9 | U9: 113579 | V9: 0 | W9: 0 | X9: 0 | Y9: =IF(tbl_Incidents[[#This Row],[Lost_Time_Days]]>0, 1, 0) -> 0 | Z9: =DATE(tbl_Incidents[[#This Row],[Year]], tbl_Incidents[[#This Row],[Month]], 1) -> 45139 | AA9: =G9&"|"&TEXT(Z9,"yyyy-mm") -> Pilbara Crusher Plant|2023-08
A10: INC-0009 | B10: 45113 | C10: 2023 | D10: 7 | E10: July | F10: Q3 | G10: Broome Logistics Hub | H10: Processing | I10: Medical Treatment | J10: Recordable | K10: Nil (No Injury) | L10: Tool Misuse | M10: Night | N10: 0 | O10: Clear | P10: Direct Employee | Q10: Priya Nair | R10: Open | S10: Complete | T10: 8 | U10: 54371 | V10: 1 | W10: 0 | X10: 0 | Y10: =IF(tbl_Incidents[[#This Row],[Lost_Time_Days]]>0, 1, 0) -> 0 | Z10: =DATE(tbl_Incidents[[#This Row],[Year]], tbl_Incidents[[#This Row],[Month]], 1) -> 45108 | AA10: =G10&"|"&TEXT(Z10,"yyyy-mm") -> Broome Logistics Hub|2023-07
A11: INC-0010 | B11: 44718 | C11: 2022 | D11: 6 | E11: June | F11: Q2 | G11: Darwin Port Facility | H11: Administration | I11: Environmental | J11: Non-Recordable | K11: Nil (No Injury) | L11: Tool Misuse | M11: Afternoon | N11: 0 | O11: Clear | P11: Labour Hire | Q11: David Torres | R11: In Progress | S11: Overdue | T11: 12 | U11: 72953 | V11: 0 | W11: 0 | X11: 0 | Y11: =IF(tbl_Incidents[[#This Row],[Lost_Time_Days]]>0, 1, 0) -> 0 | Z11: =DATE(tbl_Incidents[[#This Row],[Year]], tbl_Incidents[[#This Row],[Month]], 1) -> 44713 | AA11: =G11&"|"&TEXT(Z11,"yyyy-mm") -> Darwin Port Facility|2022-06
A12: INC-0011 | B12: 45128 | C12: 2023 | D12: 7 | E12: July | F12: Q3 | G12: Thunderbird Mine | H12: Administration | I12: Hazard Observation | J12: Non-Recordable | K12: Nil (No Injury) | L12: Manual Handling | M12: Afternoon | N12: 0 | O12: Extreme Heat | P12: Contractor | Q12: Sarah Chen | R12: Closed | S12: Complete | T12: 11 | U12: 60730 | V12: 0 | W12: 0 | X12: 0 | Y12: =IF(tbl_Incidents[[#This Row],[Lost_Time_Days]]>0, 1, 0) -> 0 | Z12: =DATE(tbl_Incidents[[#This Row],[Year]], tbl_Incidents[[#This Row],[Month]], 1) -> 45108 | AA12: =G12&"|"&TEXT(Z12,"yyyy-mm") -> Thunderbird Mine|2023-07
A13: INC-0012 | B13: 45026 | C13: 2023 | D13: 4 | E13: April | F13: Q2 | G13: Pilbara Crusher Plant | H13: Construction | I13: Near Miss | J13: Non-Recordable | K13: Nil (No Injury) | L13: Slip/Trip/Fall | M13: Afternoon | N13: 0 | O13: Clear | P13: Contractor | Q13: Priya Nair | R13: In Progress | S13: Complete | T13: 9 | U13: 89009 | V13: 0 | W13: 0 | X13: 1 | Y13: =IF(tbl_Incidents[[#This Row],[Lost_Time_Days]]>0, 1, 0) -> 0 | Z13: =DATE(tbl_Incidents[[#This Row],[Year]], tbl_Incidents[[#This Row],[Month]], 1) -> 45017 | AA13: =G13&"|"&TEXT(Z13,"yyyy-mm") -> Pilbara Crusher Plant|2023-04
... A501: INC-0500 | B501: 45043 | C501: 2023 | D501: 4 | E501: April | F501: Q2 | G501: Darwin Port Facility | H501: Maintenance | I501: First Aid | J501: Non-Recordable | K501: Nil (No Injury) | L501: Contact with Chemical | M501: Night | N501: 0 | O501: Rain | P501: Direct Employee | Q501: Sarah Chen | R501: Closed | S501: Overdue | T501: 11 | U501: 43966 | V501: 0 | W501: 0 | X501: 0 | Y501: =IF(tbl_Incidents[[#This Row],[Lost_Time_Days]]>0, 1, 0) -> 0 | Z501: =DATE(tbl_Incidents[[#This Row],[Year]], tbl_Incidents[[#This Row],[Month]], 1) -> 45017 | AA501: =G501&"|"&TEXT(Z501,"yyyy-mm") -> Darwin Port Facility|2023-04

Sheet 02_Exposure_Hours
A1: Site_Month_Key | B1: Site | C1: Year | D1: Monthly_Hours | F1: Check_Total
A2: {=_xlfn.UNIQUE('01_Data'!AA2:AA501)} -> Thunderbird Mine|2023-10 | B2: =LEFT(A2, FIND("|",A2)-1) -> Thunderbird Mine | C2: =VALUE(MID(A2, FIND("|",A2)+1, 4)) -> 2023 | D2: =_xlfn.MAXIFS('01_Data'!U:U, '01_Data'!AA:AA, A2) -> 111237 | F2: =SUM(D2:D145) -> 14492423
A3: Darwin Port Facility|2022-04 | B3: =LEFT(A3, FIND("|",A3)-1) -> Darwin Port Facility | C3: =VALUE(MID(A3, FIND("|",A3)+1, 4)) -> 2022 | D3: =_xlfn.MAXIFS('01_Data'!U:U, '01_Data'!AA:AA, A3) -> 81307 | F3: =SUM(D3:D146) -> 14381186
A4: Darwin Port Facility|2024-02 | B4: =LEFT(A4, FIND("|",A4)-1) -> Darwin Port Facility | C4: =VALUE(MID(A4, FIND("|",A4)+1, 4)) -> 2024 | D4: =_xlfn.MAXIFS('01_Data'!U:U, '01_Data'!AA:AA, A4) -> 89797 | F4: =SUM(D4:D147) -> 14299879
A5: Pilbara Crusher Plant|2022-04 | B5: =LEFT(A5, FIND("|",A5)-1) -> Pilbara Crusher Plant | C5: =VALUE(MID(A5, FIND("|",A5)+1, 4)) -> 2022 | D5: =_xlfn.MAXIFS('01_Data'!U:U, '01_Data'!AA:AA, A5) -> 87400 | F5: =SUM(D5:D148) -> 14210082
A6: Thunderbird Mine|2023-08 | B6: =LEFT(A6, FIND("|",A6)-1) -> Thunderbird Mine | C6: =VALUE(MID(A6, FIND("|",A6)+1, 4)) -> 2023 | D6: =_xlfn.MAXIFS('01_Data'!U:U, '01_Data'!AA:AA, A6) -> 90197 | F6: =SUM(D6:D149) -> 14122682
A7: Pilbara Crusher Plant|2022-06 | B7: =LEFT(A7, FIND("|",A7)-1) -> Pilbara Crusher Plant | C7: =VALUE(MID(A7, FIND("|",A7)+1, 4)) -> 2022 | D7: =_xlfn.MAXIFS('01_Data'!U:U, '01_Data'!AA:AA, A7) -> 113133 | F7: =SUM(D7:D150) -> 14032485
A8: Broome Logistics Hub|2022-10 | B8: =LEFT(A8, FIND("|",A8)-1) -> Broome Logistics Hub | C8: =VALUE(MID(A8, FIND("|",A8)+1, 4)) -> 2022 | D8: =_xlfn.MAXIFS('01_Data'!U:U, '01_Data'!AA:AA, A8) -> 91807 | F8: =SUM(D8:D151) -> 13919352
A9: Pilbara Crusher Plant|2023-08 | B9: =LEFT(A9, FIND("|",A9)-1) -> Pilbara Crusher Plant | C9: =VALUE(MID(A9, FIND("|",A9)+1, 4)) -> 2023 | D9: =_xlfn.MAXIFS('01_Data'!U:U, '01_Data'!AA:AA, A9) -> 113579 | F9: =SUM(D9:D152) -> 13827545
A10: Broome Logistics Hub|2023-07 | B10: =LEFT(A10, FIND("|",A10)-1) -> Broome Logistics Hub | C10: =VALUE(MID(A10, FIND("|",A10)+1, 4)) -> 2023 | D10: =_xlfn.MAXIFS('01_Data'!U:U, '01_Data'!AA:AA, A10) -> 54371 | F10: =SUM(D10:D153) -> 13713966
A11: Darwin Port Facility|2022-06 | B11: =LEFT(A11, FIND("|",A11)-1) -> Darwin Port Facility | C11: =VALUE(MID(A11, FIND("|",A11)+1, 4)) -> 2022 | D11: =_xlfn.MAXIFS('01_Data'!U:U, '01_Data'!AA:AA, A11) -> 115582 | F11: =SUM(D11:D154) -> 13659595
A12: Thunderbird Mine|2023-07 | B12: =LEFT(A12, FIND("|",A12)-1) -> Thunderbird Mine | C12: =VALUE(MID(A12, FIND("|",A12)+1, 4)) -> 2023 | D12: =_xlfn.MAXIFS('01_Data'!U:U, '01_Data'!AA:AA, A12) -> 107000 | F12: =SUM(D12:D155) -> 13544013
A13: Pilbara Crusher Plant|2023-04 | B13: =LEFT(A13, FIND("|",A13)-1) -> Pilbara Crusher Plant | C13: =VALUE(MID(A13, FIND("|",A13)+1, 4)) -> 2023 | D13: =_xlfn.MAXIFS('01_Data'!U:U, '01_Data'!AA:AA, A13) -> 108690 | F13: =SUM(D13:D156) -> 13437013
A14: Thunderbird Mine|2022-09 | B14: =LEFT(A14, FIND("|",A14)-1) -> Thunderbird Mine | C14: =VALUE(MID(A14, FIND("|",A14)+1, 4)) -> 2022 | D14: =_xlfn.MAXIFS('01_Data'!U:U, '01_Data'!AA:AA, A14) -> 117278 | F14: =SUM(D14:D157) -> 13328323
... A145: Thunderbird Mine|2023-03 | B145: =LEFT(A145, FIND("|",A145)-1) -> Thunderbird Mine | C145: =VALUE(MID(A145, FIND("|",A145)+1, 4)) -> 2023 | D145: =_xlfn.MAXIFS('01_Data'!U:U, '01_Data'!AA:AA, A145) -> 58781 | F145: =SUM(D145:D288) -> 58781

Sheet 03_KPI_Summary
A3: Year | B3: Recordable_injuries | C3: LTIs | D3: Exposure_Hours | E3: TRIFR | F3: LTIFR
A4: 2022 | B4: =SUMIFS('01_Data'!V:V, '01_Data'!C:C, A4) -> 51 | C4: =SUMIFS('01_Data'!Y:Y, '01_Data'!C:C, A4) -> 23 | D4: =SUMIFS('02_Exposure_Hours'!D:D, '02_Exposure_Hours'!C:C, A4) -> 5805541 | E4: =ROUND(B4/D4*1000000, 2) -> 8.78 | F4: =ROUND(C4/D4*1000000, 2) -> 3.96
A5: 2023 | B5: =SUMIFS('01_Data'!V:V, '01_Data'!C:C, A5) -> 51 | C5: =SUMIFS('01_Data'!Y:Y, '01_Data'!C:C, A5) -> 29 | D5: =SUMIFS('02_Exposure_Hours'!D:D, '02_Exposure_Hours'!C:C, A5) -> 5713661 | E5: =ROUND(B5/D5*1000000, 2) -> 8.93 | F5: =ROUND(C5/D5*1000000, 2) -> 5.08
A6: 2024 | B6: =SUMIFS('01_Data'!V:V, '01_Data'!C:C, A6) -> 20 | C6: =SUMIFS('01_Data'!Y:Y, '01_Data'!C:C, A6) -> 5 | D6: =SUMIFS('02_Exposure_Hours'!D:D, '02_Exposure_Hours'!C:C, A6) -> 2973221 | E6: =ROUND(B6/D6*1000000, 2) -> 6.73 | F6: =ROUND(C6/D6*1000000, 2) -> 1.68
A9: Site | B9: Recordable_injuries | C9: LTIs | D9: Exposure_Hours | E9: TRIFR | F9: LTIFR | H9: TRIFR_LET_Demo
A10: Thunderbird Mine | B10: =SUMIFS('01_Data'!V:V, '01_Data'!G:G, A10) -> 26 | C10: =SUMIFS('01_Data'!Y:Y, '01_Data'!G:G, A10) -> 14 | D10: =SUMIFS('02_Exposure_Hours'!D:D, '02_Exposure_Hours'!B:B, A10) -> 2964580 | E10: =ROUND(B10/D10*1000000, 2) -> 8.77 | F10: =ROUND(C10/D10*1000000, 2) -> 4.72 | H10: =_xlfn.LET(_xlpm.rec, SUMIFS('01_Data'!V:V,'01_Data'!G:G,A10), _xlpm.hrs, SUMIFS('02_Exposure_Hours'!D:D,'02_Exposure_Hours'!B:B,A10), ROUND(_xlpm.rec/_xlpm.hrs*1000000,2)) -> 8.77
A11: Darwin Port Facility | B11: =SUMIFS('01_Data'!V:V, '01_Data'!G:G, A11) -> 24 | C11: =SUMIFS('01_Data'!Y:Y, '01_Data'!G:G, A11) -> 9 | D11: =SUMIFS('02_Exposure_Hours'!D:D, '02_Exposure_Hours'!B:B, A11) -> 2943430 | E11: =ROUND(B11/D11*1000000, 2) -> 8.15 | F11: =ROUND(C11/D11*1000000, 2) -> 3.06 | H11: =_xlfn.LET(_xlpm.rec, SUMIFS('01_Data'!V:V,'01_Data'!G:G,A11), _xlpm.hrs, SUMIFS('02_Exposure_Hours'!D:D,'02_Exposure_Hours'!B:B,A11), ROUND(_xlpm.rec/_xlpm.hrs*1000000,2)) -> 8.15
A12: Pilbara Crusher Plant | B12: =SUMIFS('01_Data'!V:V, '01_Data'!G:G, A12) -> 31 | C12: =SUMIFS('01_Data'!Y:Y, '01_Data'!G:G, A12) -> 13 | D12: =SUMIFS('02_Exposure_Hours'!D:D, '02_Exposure_Hours'!B:B, A12) -> 3051014 | E12: =ROUND(B12/D12*1000000, 2) -> 10.16 | F12: =ROUND(C12/D12*1000000, 2) -> 4.26 | H12: =_xlfn.LET(_xlpm.rec, SUMIFS('01_Data'!V:V,'01_Data'!G:G,A12), _xlpm.hrs, SUMIFS('02_Exposure_Hours'!D:D,'02_Exposure_Hours'!B:B,A12), ROUND(_xlpm.rec/_xlpm.hrs*1000000,2)) -> 10.16
A13: Broome Logistics Hub | B13: =SUMIFS('01_Data'!V:V, '01_Data'!G:G, A13) -> 23 | C13: =SUMIFS('01_Data'!Y:Y, '01_Data'!G:G, A13) -> 8 | D13: =SUMIFS('02_Exposure_Hours'!D:D, '02_Exposure_Hours'!B:B, A13) -> 2994737 | E13: =ROUND(B13/D13*1000000, 2) -> 7.68 | F13: =ROUND(C13/D13*1000000, 2) -> 2.67 | H13: =_xlfn.LET(_xlpm.rec, SUMIFS('01_Data'!V:V,'01_Data'!G:G,A13), _xlpm.hrs, SUMIFS('02_Exposure_Hours'!D:D,'02_Exposure_Hours'!B:B,A13), ROUND(_xlpm.rec/_xlpm.hrs*1000000,2)) -> 7.68
A14: Katherine Processing Site | B14: =SUMIFS('01_Data'!V:V, '01_Data'!G:G, A14) -> 18 | C14: =SUMIFS('01_Data'!Y:Y, '01_Data'!G:G, A14) -> 13 | D14: =SUMIFS('02_Exposure_Hours'!D:D, '02_Exposure_Hours'!B:B, A14) -> 2538662 | E14: =ROUND(B14/D14*1000000, 2) -> 7.09 | F14: =ROUND(C14/D14*1000000, 2) -> 5.12 | H14: =_xlfn.LET(_xlpm.rec, SUMIFS('01_Data'!V:V,'01_Data'!G:G,A14), _xlpm.hrs, SUMIFS('02_Exposure_Hours'!D:D,'02_Exposure_Hours'!B:B,A14), ROUND(_xlpm.rec/_xlpm.hrs*1000000,2)) -> 7.09

Sheet 04_Pivots
A3: Count of Incident_ID | B3: Column Labels
A4: Row Labels | B4: Broome Logistics Hub | C4: Darwin Port Facility | D4: Katherine Processing Site | E4: Pilbara Crusher Plant | F4: Thunderbird Mine | G4: Grand Total
A5: Environmental | B5: 16 | C5: 18 | D5: 20 | E5: 17 | F5: 14 | G5: 85
A6: First Aid | B6: 17 | C6: 18 | D6: 15 | E6: 14 | F6: 12 | G6: 76
A7: Hazard Observation | B7: 13 | C7: 18 | D7: 8 | E7: 20 | F7: 16 | G7: 75
A8: Lost Time Injury | B8: 8 | C8: 9 | D8: 13 | E8: 13 | F8: 14 | G8: 57
A9: Medical Treatment | B9: 15 | C9: 15 | D9: 5 | E9: 18 | F9: 12 | G9: 65
A10: Near Miss | B10: 17 | C10: 13 | D10: 9 | E10: 17 | F10: 18 | G10: 74
A11: Property Damage | B11: 16 | C11: 17 | D11: 8 | E11: 15 | F11: 12 | G11: 68
A12: Grand Total | B12: 102 | C12: 108 | D12: 78 | E12: 114 | F12: 98 | G12: 500
A16: Row Labels | B16: Count of Incident_ID | C16: Sum of Lost_Time_Days
A17: Vehicle Interaction | B17: 55 | C17: 131
A18: Contact with Chemical | B18: 52 | C18: 128
A19: Manual Handling | B19: 65 | C19: 120
A20: Environmental Exposure | B20: 44 | C20: 79
A21: Struck By Object | B21: 40 | C21: 64
A22: Tool Misuse | B22: 46 | C22: 64
A23: Fatigue | B23: 60 | C23: 58
A24: Caught In/Between | B24: 49 | C24: 48
A25: Procedural Non-Compliance | B25: 37 | C25: 34
A26: Slip/Trip/Fall | B26: 52 | C26: 26
A27: Grand Total | B27: 500 | C27: 752
A31: Row Labels | B31: Count of Incident_ID | C31: Sum of TRIFR_Contribution | D31: Sum of LTI_Flag
A32: Contractor | B32: 109 | C32: 23 | D32: 12
A33: Direct Employee | B33: 246 | C33: 60 | D33: 28
A34: Labour Hire | B34: 145 | C34: 39 | D34: 17
A35: Grand Total | B35: 500 | C35: 122 | D35: 57

Sheet 05_Dashboard
A1: HSE Performance Dashboard — 2022–2024
B3: TRIFR 2024 | E3: LTIFR 2024 | H3: Recordables 2024 | L3: LTIs 2024
B4: ='03_KPI_Summary'!E6 -> 6.73 | E4: ='03_KPI_Summary'!F6 -> 1.68 | H4: ='03_KPI_Summary'!B6 -> 20 | L4: ='03_KPI_Summary'!C6 -> 5
